	tweets	Id
0	im meeting up with one of my besties tonight! Cant wait!!  - GIRL TALK!!	1.0
1	@DaRealSunisaKim Thanks for the Twitter add, Sunisa! I got to meet you once at a HIN show here in the DC area and you were a sweetheart. 	1.0
2	Being sick can be really cheap when it hurts too much to eat real food  Plus, your friends make you soup	1.0
3	@LovesBrooklyn2 he has that effect on everyone 	1.0
4	@ProductOfFear You can tell him that I just burst out laughing really loud because of that  Thanks for making me come out of my sulk!	1.0
5	@r_keith_hill Thans for your response. Ihad already find this answer 	1.0
6	@KeepinUpWKris I am so jealous, hope you had a great time in vegas! how did you like the ACM's?! LOVE YOUR SHOW!! 	1.0
7	@tommcfly ah, congrats mr fletcher for finally joining twitter 	1.0
8	@e4VoIP I RESPONDED  Stupid cat is helping me type. Forgive errors 	1.0
9	crazy day of school. there for 10 hours straiiight. about to watch the hills. @spencerpratt told me too! ha. happy birthday JB! 	1.0
10	@naughtyhaughty HOW DID I FORGET ABOUT TWO AND A HALF MEN?!?!? I LOVE THAT SHOW!!! 	1.0
11	@nileyjileyluver Haha, don't worry! You'll get the hang of it! 	1.0
12	@soundwav2010 At least I won't be the only one feeling lost! This may cause me many later than usual nights, already addicting 	1.0
13	@LutheranLucciol Make sure you DM me if you post a link to that video! &lt;LOL&gt;So I don't miss it   Better get permission and blessing first?	1.0
14	Just added tweetie to my new iPhone 	1.0
15	@michellardi i really don't know. i think its Globe!  yeah! sana gumaling na ko para alam ko na din kung makakasama ako! )	1.0
16	@nicolerichie: your picture is very sweet 	1.0
17	Catching Up on Emails, RSS and Random BACN. Then I'm cutting out early tonight (11:30PM) to have Dinner with @lauraw 	1.0
18	Dancing around the room in Pjs, jamming to my ipod. Getting dizzy. Well twitter, you asked! 	1.0
19	Didn't place in the Peeps contest but thanks for voting anyways. 	1.0
20	Going to bed so goodnight everyone  and sweet dreams  http://twitpic.com/2y2e0	1.0
21	@LittleLumen walking over to put the deposit down tomorrow 	1.0
22	is now followinq @DAChesterFrench , you shud do tha same 	1.0
23	@LordPov Are you meant to add on the back of that &quot;twittering from a toilet cubicle somewhere&quot;? 	1.0
24	Aw i'm holding my new puppy. Well He's not mine but He's a cutie. 	1.0
25	@iJohn kitteh is sleepin on my crotch which proves she likes me more 	1.0
26	@DramaBeats agreed 	1.0
27	reaching amritsar in an hour and (if i find a bus) should be at wagah border by 2pm  - http://bkite.com/06fuJ	1.0
28	@ALBinLA.  I was just thinking about you tonight!  You have to let me be the first to interview you're a famous super star 	1.0
29	happy to spend time with the family. 	1.0
30	finally going to bed!  so tired. Was gonna watch The Hills but didnt =/	1.0
31	so effing tired of my throat hurting.... ooooohh... i just got a crazy craving for a pina colada/banana slushie!!!! 	1.0
32	@deon upload di indowebster dong banggggg 	1.0
33	@wisdomous you're welcome. glad you enjoyed it. 	1.0
34	@hawaii808shellz hAhAHA!! omG! we wer bOth laughiN off d hOOk!  cuz das hOW we roLLL...ryt sheLdawg?	1.0
35	@SickWithThePen awww pookie feel better. I'll pray for you...and BAG the nurse up 	1.0
36	YAY! found a new cuddle buddy 	1.0
37	I think I met my first &quot;snob&quot; on twitter tonight. Too bad. Life goes on! 	1.0
38	Across the Universe. Sleep. Rehearsal tomorrow. 	1.0
39	@annabellee dry sweet potato, huh? 	1.0
40	@JonathanRKnight Hi Jon! Great to hear from you! See you on the cruise, I cannot wait! Hope all is well on the Knight bus!  You are loved!	1.0
41	having a long conversation with mom on phone 	1.0
42	@suitelifeofkell yayyy! lol. i just requested herrr. what did she say? 	1.0
43	Practicing lines/mannerisms/voices for upcoming feature shoot.  Probably driving Brock crazy.  	1.0
44	Going to go and read new moon for the 3rd time  I cant get enough of twilight series 	1.0
45	today is our two month anniversary!!! i love you sooooooo much Diana. omg you dont even know  TAR HEELS WON THE NCAA WOOT!!!!!	1.0
46	I am bored 	1.0
47	@stevecla it is a wallpaper with Red Square I was asking for 	1.0
48	@r_keith_hill Thanks for your response. Ihad already find this answer 	1.0
49	@Pope_Mello Well yeah! I only noticed cuz i'm BB too. 	1.0
50	Just tryna get inspired thats all 	1.0
51	@KourtneyKardash Can't get up early enough!!!  Night workouts are much better. 	1.0
52	@ladygaga Can't wait to see ur hot ass in Austin! woot woot!!! annnd love the bob with purple, i went the royal color way as well 	1.0
53	@QuotableBuffy I got a bunch of Buffy songs too! One of my faves is &quot;Vivian&quot; by Nerf Herder, when Faith met Spike in Buffy's body. 	1.0
54	#Devunity Wallpaper  Check this out !   --&gt;    http://twitpic.com/2y2e2	1.0
55	Morning Tweetland, a long day ahead! Hope everyone has a great day  	1.0
56	   uploading pictures on friendster 	1.0
57	@ash_CT Aw dont you love that  I love for those days! Thanks about the pic ;-p	1.0
58	noodlebox with amanda tonight 	1.0
59	@una_avion2010 Sorrry, I'm doing like 29823782 different things. Kevin Jonas' Girlfriend 	1.0
60	@fuzeb they are so serious too while singing like.. whoa  hehe lsd maybe? j/k lolol	1.0
61	loving life... and loving you 	1.0
62	@ApothecaryJeri  I love Sicilians best damn pizza on the planet [says I] 	1.0
63	loves chocolate milk  and that is GF YEAH..	1.0
64	Going to Sutter Creek tomorrow to tour an old Mine 	1.0
65	@bodycoach I'll look into that cho, I personally like strawberry but I'm going to become coach soon 	1.0
66	@little__fish guess where i live. the other side of the earth  east mesa, losiento	1.0
67	@paula_paige3489 so apart from the sore... how was the tryouts? 	1.0
68	failed physics TEST... what a homo. keeen for the holidays (2 days to go) 	1.0
69	Just observed the update look of #Alexa website, http://tinyurl.com/c48gzf , looks great, seems Alexa is improving 	1.0
70	@leiabox so what can you tell us about it? I'm totally geeking out right now 	1.0
71	@theragingocean BonJour Spacecowboy,I wish I was either of it .I work with Kids, can go out whenever I want and go wherever I want to 	1.0
72	@Rebecca1158 goodnight. 	1.0
73	My brother is sick too lol. Quite weird 	1.0
74	@drdrew *gives a hug and a cookie* Hope you feel better! 	1.0
75	@jonathanRKnight Hey Jon! It's real and I hope you take care of yourself...we don't want you to get too rundown.  ((Hugs))	1.0
76	Just wrote on a toilet wall... but only to correct poor spelling. And in highlighter, so it will wash off. HARDCORE 	1.0
77	had a good tech meeting at clubZone - dinner was sushi 	1.0
78	@mattgalloway Thanks for the hook up with @CarlyRush and suggesting me again bro! you rock! 	1.0
79	@jeffswarens depends on which version they thought you  the one I know doesn't go like that ;)	1.0
80	@Speak2Ashley hand is still pretty weak i cant like punch anyone out yet or turn knobs but it doesnt hurt much 	1.0
81	@Honey3223 Lurkers now that was interesting 	1.0
82	@saravananp mine is B North. Still need to decide 'aaru hithavaru ninage ee moovaroLage' to vote 	1.0
83	@trstfndbby um I bought my shit from the Koreans its OACH  highest quality out there baby  I paid an extra 3.50 2 get a real tag sewed in	1.0
84	eating ice-cream with chocolate topping 	1.0
85	@iamdiddy your telling me.. just finished doing 200 crunches!  step it up Diddy ! LETS GO!	1.0
86	@its_yvonne daaang i didn't know it was possible to talk that long! what'd you guys talk about 	1.0
87	@LaurUy West.  Mostly San Jose and San Francisco.	1.0
88	Nikki is off working her ass off on a bike, trying to recover from her knee injury.  (Good for her. 	1.0
89	@marymayblood I would love to come help unpack   Let me know where I need to be Sat afternoon!	1.0
90	shenagians!  my team is awesome&lt;3	1.0
91	listening to some music and just chilling....I'll probably regret not getting work done...but till then i'm just gonna kick back 	1.0
92	I am doing a study of Think &amp; Grow Rich - Wow - it's amazing how timeless the law of attraction is! So now we're on our 6 step program! 	1.0
93	@BittenbyBooks Oh good!  I'm glad you're feeling better!   I've been really good!  It'll be a crazy week though... In a good way! 	1.0
94	21 Days till chris comes home and 67 days till summer 	1.0
95	@davidgideon Yeah, those were the days  - no, it's now around 1.47ish...	1.0
96	@therealjspace am I the first one to tell you you tweet the most while drinking! LOL. 	1.0
97	@its_anne Kay thanks. 	1.0
98	Goodnight 	1.0
99	I am determined to get back into baseball -- it's been 5 years since I've really watched the sport. Anyone interested in going to a game? 	1.0
100	@beycah Good for you Becca, have a good sleep. 	1.0
101	@MissNappyBoy and ur home is where? ohhh i nkow lexington ky rite next to me 	1.0
102	Just seen the preview for the movie &quot;Obsessed&quot; w/ Beyonce. Wow one crazy broad in that movie &amp; Beyonce seems to go nuts in it too! 	1.0
103	Easy Rider till I fall asleep 	1.0
104	@miketomalaris I'm very, very, very excited about the live broadcast of Paris-Roubaix. 	1.0
105	just had a real good moment. i missssssssss him so much, 	1.0
106	@belliestobabies I have two too. I just don't know how people survive winter without jungle gyms at home 	1.0
107	@jaredleto Just started to work. But it's the last one before holidayholiday!! 	1.0
108	Watchin Greek then off to Knighty Knight!! 	1.0
109	i am working on my media room design and i love love love my client profile 	1.0
110	@Greeks05 its pretty lame..hahaha but yay i get to stalk your sexy ass on here now 	1.0
111	@Lou911 Aww, thanks 	1.0
112	Another good day  nitey nite everyone! First day of school tomorrow!!! Ahh I'm kinda nervous yet excited...til tomorrow!	1.0
113	thinking and planning 	1.0
114	Good enough.. time to go sleep off whatever I can, be happier tomorrow ? here's Hopin.. go check my Fb. for what is in store for me now. 	1.0
115	@missvic what do you mean, I do those things now and I'm OLD! 	1.0
116	@jimmyeatworld been listening to that all morning  http://www.deezer.com/track/885843	1.0
117	@UrbanThai  and you have me to thank for that 	1.0
118	@PamFR Thanks Pam... glad you enjoyed it. Yes, life is short, it's *now*. No need to struggle... just make better choices every day. 	1.0
119	@JonathanRKnight hmm you have a lot to say tonight! That's great!  Of course, here I am up late reading it. haha	1.0
120	@guykawasaki congrats on 100,000 followers. Wow almost 4 times of what I have 	1.0
121	@LarryCarroll ARE WE GOING TO BE GETTING ANY NM UPDATES THIS TIME AROUND? I'm not really screaming. Just wondering. Thanks! 	1.0
122	@suitelifeofkell that's freakin' cooool   i love twitter .haha	1.0
123	@I3renda maybe. there's nothing wrong with being caring. but try not to care too much. 	1.0
124	why does Brissa not even know she has a twitter? -Lauren 	1.0
125	@jbrotherlove I thought it was a great love story 	1.0
126	@enbaldarlingg No, that's just the mirror you're looking in. 	1.0
127	@amandahesser thanks!  i couldn't have done it without you  	1.0
128	wow that was neat, thanks God! OVERITNOW&lt;3  i apologize for sharing my spiritual moment with the general public of Twitter 	1.0
129	... 31 days until I leave for Ontario!! 	1.0
130	Just spoke with my fam in #Japan via #Skype! Love to see my little 16-mo-old nephew growing! 	1.0
131	@LissyM ahh i only just saw you'd written that where does it tell you that someones spoken to you? this sucks but mcfly got it haha loser 	1.0
132	@KaciMaureen holy laundry woman! 	1.0
133	@iamdiddy I hate it too, but I just got back from the trainer. Go! 	1.0
134	@markhoppus lol youï¿½re so fucking funny 	1.0
135	working on setting up my ipod touch, which as of today is officially mine!! 	1.0
136	@nikhilnarayanan saw the tvc yesterday.. worked for me 	1.0
137	Jon could totally say Mannies and Peddies and I would shut my fat face about it.  	1.0
138	@magopus Hahaha! Well if they ever run out of ideas, I'm nominating you to come up with some good ones. 	1.0
139	A friend feels like a beer on a Monday night. That's never good. But beer is always good. Always. 	1.0
140	@hopeinhell One usually follows the other, no? 	1.0
141	@special72 Thanks, Special 72!  	1.0
142	Good luck for Lauren and the rest of the cast of TBS, can't wait for something to leak 	1.0
143	Shoot For The Moon! Even if you miss, you'll land among the stars. 	1.0
144	@JohnHays hmm, that I don't agree with entirely because I am most creative &amp; vibrant @ night for some reason...but I need 2 sleep too 	1.0
145	@izzakizza nada just tryna holla holla.   hows the mixtape coming up?	1.0
146	@aussie_ali  yep it makes it so much easier to get points across in 140 	1.0
147	@snarkattack  The freezer-worthy @amoir has already given it her scholarly attention, but I suppose another set of eyes could hurt not.	1.0
148	http://twitpic.com/2y2jf - my cupcakes 	1.0
149	@purrplexa And its a wonderful thing!  I'm all in favor of using the entire English language (shit, I use #expletives too, I think) 	1.0
150	@mynameisgerard haha! i'm not saying u should try it.. but maybe u should 	1.0
151	back from school, long walk! its flippin cold outside  2 days ago it was sunny, next day raining, and today snowing!	1.0
152	@sisterpatterson I just ate raw cookie dough out of a tub and now to bed. We must be kindred spirits 	1.0
153	@JonathanRKnight : agreed. internet? random. but i like random. watched dirty dancing, great movie, i thought of your song..  nighty night	1.0
154	@blooms5887 Just use Tweetdeck and you can update facebook and twitter at the same time 	1.0
155	@firestoned - Dude, stars are always awesome.    Surprised to see you tweeting.	1.0
156	@nsastrasasmita k. i'll try to figure it out. i'm gonna go to bed. night night  	1.0
157	amazing night with llama and malcolm and megan&lt;---fuck the theatre! 	1.0
158	@kayotae Just had a martini myself. 	1.0
159	city all day soo happy to be home. school in the morning 	1.0
160	My spring break= watching moviess all day everyday for a week 	1.0
161	@PushPlayNICK &quot;Grandpa wants an ice chest and some beef.&quot;  George Lopez rulesss!	1.0
162	@KatiePorrello thank you Katie! heading to the club as we speak! you have yourself a stellar night as well... take it easy homey!! 	1.0
163	http://www.youtube.com/watch?v=cLe9pJSRas0 Where have all the flowers gone, Peter Paul &amp; Mary  My fav, def.	1.0
164	shhhhhhhhhh....time to watch the Hills. 	1.0
165	since posting the 2 new photos on my website with the kids my hit count went up...way, way, way up. love to china for 5,000 views alone. 	1.0
166	@JonathanRKnight Oh its real Jon!  We all r so excited that u and the guys came back 4 us.  We appreciate all you put out there!  	1.0
167	@LonelyBob Thank you! Am at home pretty much everywhere. Provided I have broadband ...kiddin' 	1.0
168	Callin it a night! I always have the best sleep after a good workout!! 	1.0
169	@Infinitarchitek Feels pretty good doesn't it? 	1.0
170	@stee322 but you did go to hash bash anyway.. 	1.0
171	@loltothepower correction, i GOT a badass fringe. 	1.0
172	@procoder hmmm, sure sure  so what r u upto ? hows the day for u?	1.0
173	@ninasplayground I agree.  My kids got &quot;Who am I&quot; 4 Christmas. It's bn fun but I caught my 4 yrold cheating by looking at reflection in TV	1.0
174	My hair is blue. 	1.0
175	@wendy_bowser Thank you for the kind words!  I appreciate it.  Have a great night 	1.0
176	stressing over this math test...uhhh....2 days till spring break!!!! 	1.0
177	@MintCool uh, because we really need each other, plus, you'd be my designated driver on PCH 	1.0
178	@EMPRESSYEN WHATCHA CHUCKLIN BOUT MS.YEN 	1.0
179	@ijustine the gym is an awesome place! work it out 	1.0
180	@augustography hmmm think we need to get you climbing up hills .. you'll be really sining then 	1.0
181	Just won 20$ on unc game 	1.0
182	Really tired. Going to prepare for bed. G'night! 	1.0
183	@keyannaaa the new story of your life will include magic fountain with me 	1.0
184	Im getting nervous that this trip tomorrow may be a little boring. Haha oh well, i always have my trusty ipod and my books of course  lol	1.0
185	should be going to bed... maybe i'll do that... but i'm thinking I'll put on Anastasia on my laptop as i fall asleep 	1.0
186	@ijustine http://twitpic.com/1ff65 - I love ur top 	1.0
187	still buzzing from SIETAR... thanks to @pattidigh for pushing the old boundaries - boy, someone could make money off a twitter manual... 	1.0
188	@yoshigi I have terrible back and neck aches too... Get a good chair, that will help.  I am waiting for my &quot;SWOPPER&quot; to arrive. 	1.0
189	@juneaurock Hellz yeah, definitely downloading. Thanks 	1.0
190	http://twitpic.com/2y2jz - we are so stinkin cute 	1.0
191	@Lyndeeezy hahah not yet! but soon. very soon 	1.0
192	Very happy with my new blog design - nice to see recent post and popular posts listed together, and it looks great! 	1.0
193	@michaelgrainger we have much more than that in common my friend!! 	1.0
194	@ben_mayer better be. I don't wanna have to come find u and save the dog. But I would!  I'm all 4 the animals . Call off the twit police	1.0
195	@klaris nilagyan mo ng knorr seasoning mix ulit ung pancakes mo?! hehehe. teka, heaven and eggs ba to? 	1.0
196	@Westneyrhindxx hello westney  what are you doing ?? x	1.0
197	@WhereisKevinn well my night seems pretty boring in comparison to the strokes you've experienced tonight 	1.0
198	@jephjacques I love the way you draw giraffe eyelashes. 	1.0
199	@SwitchItNow ahhh shiner Bock in Austin YES! thanks for the Twitter @reply so I can relive too 	1.0
200	@holytshirt Glad to read it! 	1.0
201	spent the evening outside in the beautiful warm weather. finally feels like spring 	1.0
202	pullin an all nighter wit my bffl madison 	1.0
203	@AttractMode Thanks for putting on such a great event. Can't wait for the inevitable sequels! 	1.0
204	I don't know why I still find this hilarious after hearing it like 200 times in a row, but I doooo  ? http://blip.fm/~3x8ok	1.0
205	@thenub you are too 	1.0
206	@jimmycarr that big oaf can play piano? 	1.0
207	Bryon is my tea bitch 	1.0
208	@mattbraga Oh, they can stay. You on the other hand... 	1.0
209	I am gonna help my mom get a twitter 	1.0
210	@lavsmohan...... Yup!! saw the entire match....reached office late.. 	1.0
211	going to bed. My bb isn't working &amp; I'm bored.  Night all. Love me harder tomorrow, than you did today. Peace, Prayers, &amp; Blessings.	1.0
212	@DEEJAY_BOOGIE ya we did trying to beat traffic but ya hope to be back soon 	1.0
213	India wins a test series in New Zealand after 41 years! If it wasnt for rain on the final day, India would have won the third test too 	1.0
214	@ashvala Was driving in Old madras road on my bike!! There is no concept called parking on the side 	1.0
215	@upstatement can I apply to be in your class too? 	1.0
216	is reading manga  http://plurk.com/p/mzp1e	1.0
217	@BradmanTV Thanks....it seemed the right moment. I love your show.  Your songs bring me joy.	1.0
218	@Adri_Mane ROflmao... niqqa please. you ackin' a fool now. 	1.0
219	@comeagainjen http://twitpic.com/2y2lx - http://www.youtube.com/watch?v=zoGfqvh2ME8 	1.0
220	@vjl also, your website seems to be down, FYI. pity, I wanted to check it out  sure you knew that though.	1.0
221	@LindzNicole so let's make it right! 	1.0
222	@Lexi_83 We.... went professional in October 2008, we've just not update any of our websites or anything until yesterday 	1.0
223	@rhonda_brown thanks for the tip on Sam's Club! 	1.0
224	@KourtneyKardash yep Mornings are the Best! nighttime is chill time 	1.0
225	@pocketfulofme yay!!! hehe TWINS 	1.0
226	@jolilore Thank you 	1.0
227	&quot;City of Ember&quot; was AWESOME!!! SO have to finish the book and read the next one (ones?) now.  Time for bed possibly? Who knows, really. XD	1.0
228	OMG, I would have died!!! actually no, I take that back...I keep an updated version on my X:drive so it's all good 	1.0
229	@trugiaz You and i mate! 	1.0
230	 just watched the movie Wanted... it was pretty darn good.	1.0
231	just got home from Neil's. watched Nick &amp; Nora's Playlist... pretty funny  	1.0
232	@theexclamation ah yes, twitter seems to be the perfect venue for whining and wasting time.  now that's my idea of fun 	1.0
233	@donniewahlberg hell yeah! there's the effin man! 	1.0
234	@roshnimo Dont be lazy............try a few out.... tools are to make life easy for lazy people 	1.0
235	@aiduong Oh goodness, I didn't know you could message friends on here! Hello Ai 	1.0
236	Thinks everyone needs to go buy Tina Parol's song Who's Got Your Money on iTunes ... NOW! 	1.0
237	can't wait for vegas 	1.0
238	@theDebbyRyan Hey Debby 	1.0
239	One sixty six in bowling. Holy shit lol 	1.0
240	dear dbq, you were a pain in the asssss. i'm glad i'm DONE with you! 	1.0
241	and now off to bed after an amazing night chatting with a pretty amazing guy  ( you know who you are)	1.0
242	@lhawthorn What a coincidence! I was just stalking your Twitter feed and the GSoC news. ;) I'm doing great, thanks. How about you? 	1.0
243	has discovered that she loves easter crafts, eggs, hot cross buns... feel like watching the prince of egypt to aid my easter meditations 	1.0
244	Didn't get my nap before, thinking I really need one now. Be back later, twitterpeeps. 	1.0
245	Trying to figure out a way to pay it forward 	1.0
246	oh oh oh!!! gonna go buy Twilight on DVD today  I have to extend my overdraft for the 2nd time in as many weeks so I may aswell!!	1.0
247	my very first twitter  awww	1.0
248	@SimonBotes glad you like 	1.0
249	@lightblue_82 woo, you won't regret it. 	1.0
250	@theaptour thanks so much 	1.0
251	 Please?: http://eluts.com/frontstore/Item/item_zoom.asp?item_num=3418&amp;catalog_num=3&amp;mart_id=lutsdoll&amp;level=yes&amp;mother_catalog_num=554	1.0
252	@SJS86 haha i saw that one the other day. sad. i'm entirely too addicted to that site now. endless laughs 	1.0
253	@lolly2420 this is nuts! thanks  I am dying over heah!	1.0
254	@markhoppus hey mark, i want to know if the song &quot;Life's So Boring&quot; is really blink 182 , please tell me  doubt been on my head for years	1.0
255	@Kelly_N_Va by Jordan, I think he's got it!  	1.0
256	up and running, London calling 	1.0
257	What A Day  I Just Loved It. Sun, Food And My Girls  Cannot Be Beaten. Eyyy! I Bused It Home Tooo Hahaa. Have An Ace Time Darl.  xxxx	1.0
258	just got home from school (: meant to be getting my hair cut .. but i cbf. lol dancing soon 	1.0
259	Sleeeeeeeeeep, then an interview tomorrow! Wish me luck 	1.0
260	Awwh babs... you look so sad underneith that shop entrance of &quot;Yesterday's Musik&quot;  O-: I like the look of the new transformer movie 	1.0
261	@lauredhel I just friended you on LJ 	1.0
262	eating ice cream to reduce the heat 	1.0
263	wow san diego is so beautiful. even more so now that we won  but whats a good game without a good fight(;	1.0
264	@epistemographer @digitalhumanist Doing a disciplinary PhD with the support/structure of a New Media program like that sounds heavenly 	1.0
265	must sleep, big day tomorrow. two tests AND class registration for next sem. ahh! goodnight, twitterers 	1.0
266	@claire_brewer I've seen one of those aisles in Borders in Oxford. They're... well, tragic 	1.0
267	@thornbek Erin Esurance is so hot. Carry on 	1.0
268	@Boobookittifukk not there yet. And i beleive so  red carpet sighting i hope.	1.0
269	the cars in Fast and Furious get me excited 	1.0
270	@comeagainjen Jennifer 	1.0
271	@betzitall Wall-E is a great battle for stress.   Yay for staying up all night and doing homework together!	1.0
272	It's been a while since i have watched the Cosby Show, i forgot how funny it was  BUT CAN'T SLEEP THOUGH grrrrr	1.0
273	@landrew Hehe, thanks   Was going for the incendiary headline this time 	1.0
274	@honeytech Happy Morning! 	1.0
275	@SashaKane Um, my kids get up at 5am &amp; need their breakfasts cooked, you ready? 	1.0
276	@saad_83 I wasn't late  I was right on time	1.0
277	@myk14 Thanks buddy *high fives* hehe 	1.0
278	@sytycda Could not agree more!The unison&amp; committment was incredible.Considering the pressure they r under made it all the more amazing 	1.0
279	@cityrat59 lol! you counted 15 times! Yeah, it was a drag today...wasn't sure if my tweets were going out. seems to behave now though 	1.0
280	@comeagainjen http://twitpic.com/2y2lx - and you are cooler than her she just wants the babiiesss O_O HAHAHAHA 	1.0
281	@reesh heyyyyyy want to hook it up!! lol 	1.0
282	Saddle Ranch Comedy night. Then back to the boy's house 	1.0
283	Today I performed for the first and last time at the Grebel talent show. 4 exams left until undergrad is over 	1.0
284	@xShorty4Lifex white!! 	1.0
285	@thesouthernstar haha... sarapan aja belum kok, udah disamperin sama client di rumah...  	1.0
286	@JonathanRKnight  i do embrace the simple life.  simple things like a new kids reunion makes me an extremely happy girl 	1.0
287	@lapcat Need to send 'em to my accountant tomorrow. Oddly, I wasn't even referring to my taxes. Those are supporting evidence, though. 	1.0
288	@mmcallen Sigh, wish I could have a GMIC meeting here in San Diego! Spoke to Johanna already, she said it was great... 	1.0
289	had a wonderful Portland evening! Thanks Carrie 	1.0
290	6:37 in the morning and haven't been sleep   YAY!	1.0
291	Headed off to Wal*Mart for more boxes. Uber excited 	1.0
292	@axisportals scowls are a lot more temporary than adulthood 	1.0
293	I'm melting. *sighs* Serendipity is such a sweet sweet movie. I love it. 	1.0
294	@JonathanRKnight wake up with ah Jon tweet. The Best start for my day  thx Jon love You	1.0
295	Got an inspiration -&gt; dyeing my hair! 	1.0
296	just  created this account...looking around 	1.0
297	@amyg0716 I'm gunnna do both of those things 	1.0
298	http://twitpic.com/2y2tq - So far, it is interesting. 	1.0
299	Haven't tweeted nearly all day  Posted my website tonight, hopefully that goes well  Night time!	1.0
300	@craigsutton     that's a long-time, good for you!   	1.0
301	(@thuquoc) jizzin' in my pants excited about seeing ARMIN VAN BUUREN tomorrow 	1.0
302	@mehulbhuva Good luck, and let me know how it goes! 	1.0
303	@tayswift Congrats from Peru! You were/are amazing! i was speechless,thank u so much! come here someday plz, ill wait forever seriously! 	1.0
304	@rogieking Congrats on the newborn! Our first is due in June 	1.0
305	Dodgers beat the Padres  Go Blue!	1.0
306	@jbruin lol esp when your updates hit my phone... 	1.0
307	@JonathanRKnight I'm just glad you appreciate Iowa.    Come back in late summer when they're cutting hay...  best..smell.. EVER!	1.0
308	@pjaficionado  Having fun, loving life, happy to be in the game. Everything else is a bonus. Not just BS either!	1.0
309	@vuittonretarded  awww. Is there anything i can do 	1.0
310	But I do not mind.  Goodnight	1.0
311	@mistressathenax oh lets let it be a surprise. 	1.0
312	Proud future member of the R.B. 	1.0
313	@miss_tattoo heyy!  you got those pictures of Donnie's gift on the USB stick?! 	1.0
314	Giant Drag &quot;Wicked Game&quot; ? http://twt.fm/32811 #musicmonday - Better than the original &amp; the commercial promo song for Nip/Tuck season 5! 	1.0
315	@web20classroom Fabulous post about WordAhead!  And overall loved your blog.	1.0
316	Much Luv to @espressowoman54 &amp; @tommyruffin who's now following me on twitter!! 	1.0
317	@KendallMassey @jclayville rocks. But don't tell her I said that 	1.0
318	@Gerry_Butler If it's something you will enjoy and will make you happy, why not do it? 	1.0
319	just discovered tonight that her church is serving breakfast on Easter!  (I'm not sure why this is so exciting, but I suspect the baby...)	1.0
320	@Tiandrance 	1.0
321	@yoavsegal Morning 	1.0
322	finally back on twitter 	1.0
323	God sho love him some me  feeling really really blessed tonight++++++	1.0
324	@adamdexter i can't wait to see you buddy 	1.0
325	@allan_at_rogue thanks Allan! They are photos from a Joolz Soiree I held up in Brisbane last year 	1.0
326	there is link about how to enjoy dark chocolate within the post..  http://chai-coffee.blogspot.com/2009/04/chocolate-flavoured-math.html	1.0
327	@chazdrums if i know how to do something, and have time... Its so easy to answer 	1.0
328	Wow, the house looks so different...AND OH MY GOD MY DOGGIES 	1.0
329	ahhh loved this sunny day....I am working a good sun burn on my nose 	1.0
330	@FoamingBBQ I had to read it last semester.  By &quot;read&quot; I mean skim for keywords and read online outlines.   Got an A too 	1.0
331	@dalecruse Yay! Love Box.net  My first business partner Sam Ghods is on the founding team. SO proud of him 4 building an excellent utility	1.0
332	@JonathanRKnight Glad to hear that you had such a great night! You rock &amp; I hope tonight is just the 1st of many feel good shows for you! 	1.0
333	Anyone else catch Scott Bakula's &quot;Oh Boy&quot; in #Chuck tonight?  	1.0
334	@fatbellybella the media is a trip [period] we have to guard our minds...along with our hearts. Don't fret ms.badu UR THE BEST!! its true 	1.0
335	Ahh, the tedium of fixing broken file links in Inventor.  Good times.  	1.0
336	@theDebbyRyan  where!!?!? 	1.0
337	@Laatina MONDAYS ARE WHAT YOU MAKE OF IT. 	1.0
338	Well in the past two days I have had 45 min. of sleep.  I'm going to watch TV while laying in bed and try to sleep.. Night peepers 	1.0
339	I'm officially going to bed! Goodnight 	1.0
340	I now have painting clothes!   	1.0
341	@msaleem LOL not yet my brutha from anotha mutha 	1.0
342	ryanrossfanz  &lt;-- FOLLOW THEM!  Ryan is uber!	1.0
343	@JonathanRKnight you close your eyes and pick one and hit reply. 	1.0
344	@ronashively Connections Academy has been great for our family...and thousands more across the country!  Happy to tell you more 	1.0
345	@QUEENIE909 hum nice 1! lol take something..LOL yeah party over there, haha u kno them drunk ass's  Will i b seeing you @ Janets party??	1.0
346	#nightcard The Star: what a wonderful card for a new beginning both for you and Ankie 1.0  Welcome! 	1.0
347	Loves the German bakeries in Sydney. Together with my imported honey it feels like home 	1.0
348	I'm an uncle now! 	1.0
349	@katiehayes415 Levon...couldn't have said it better my self.  	1.0
350	@dmf71 I should change my name to qoosfr (queen of obscure science fiction references) instead of cbn2, which only 1 person understands. 	1.0
351	@DolfinFan  Our picnic will be fabulous!	1.0
352	@DaveJMatthews Welcome back to NYC! 	1.0
353	@nashipear Sorry I am talking to my best friend.. So I havent replied!!  But I can talk to you too!	1.0
354	@corinmcblide oh ok then i am gonna go and buy one for when i come up there 	1.0
355	tafe quiz then PHOTOSHOOT with my sezdawg 	1.0
356	@berofx: good luck with your challenge 	1.0
357	oh oh found some clothes!!  And i love em xD	1.0
358	Rocking out to No Doubt and gonna start up some more Neverwinter Nights 	1.0
359	@kameelahwrites phew! all that hair, gyal! 	1.0
360	keepin it real.  	1.0
361	&lt;------ Branded 	1.0
362	I'm adding my fellow PFers.  Nice to see so many of us here, too! 	1.0
363	Had a good time at Eat n Park drinking a latte and playing Munchkin Impossible with @Chriswolfe2007. 	1.0
364	@momentbymoment1 - I'm sure you and your site will! 	1.0
365	@JonathanRKnight Good luck with the cruise!! Your gonna need it! 	1.0
366	@glutenfreegirl  well, I'm doing whatever our neighbor tells us, and if that produces vegetables, I'm cooking them!	1.0
367	@milagro88 Hi there, Cel.  How are you doing today?	1.0
368	@Chubbx Goooooood morning, Chubbx  how are you today?	1.0
369	@BrittyDS Don't blame me.  I just like good things. ;)	1.0
370	@darkknight808 okay! I think little oven again on wednesday!  7-9pm?	1.0
371	@LoriGama that's most excellent  lotsa people loving you hehe *Winks*	1.0
372	@jia_zhen it's an odd little thing isn't it, 'is it from another planet?'.... but i think i like it 	1.0
373	amidst all these recession talks, my friend told me yesterday that she got a pay hike  it sure is a nice to hear that.	1.0
374	is now using windows and tweetdeck... temporarily... 	1.0
375	I Joined ShoeDazzle Society by @KimKardashian I am Excited! Can't wait for my Shoe selection!  Link: http://www.shoedazzle.com/	1.0
376	@robgokeemusic I know - I should have made some, taken them to my meetings &amp; I should have foreseen my sister was going 2 pick up a stray 	1.0
377	@JonathanRKnight you can DIRECT MESSAGE us/me/all of us...whatever you want 	1.0
378	@mars2thestars here it is  http://tinyurl.com/hecklerxyz	1.0
379	Week 2 of the fitness challenge and I'm starting off strong.  Just submitted my stats for the night and it ain't bad 	1.0
380	Your Following for a Reason.....  www.facesbyrozzj.com	1.0
381	I missed twitter, ym, multiply and PET SOCIETY. I haven't been able to use the internet because I was quite busy for the past few days. 	1.0
382	@mileycyrus Juz watchin' 3 eps. of your show HM, I must say I instantly became a fan of urs! ;D Lovin' ur humor so mucho! More power 2 u! 	1.0
383	I have a new background  It didn't exactly work how I wanted but I was bored with the old one.	1.0
384	If you are at #Paragon please vote my work!  LOL	1.0
385	@mrskutcher I keep forgetting you are in a different time zone than normal! I see your 'tweets' about the morning when it's 10:45pm here! 	1.0
386	@mantia Do you have an example of the animation? I mean a youtube video or something? I'm curious to see it work. Snowing there too? 	1.0
387	@TheRudeTypist Need an invite to hunch? 	1.0
388	@JonathanRKnight Thought you were a Mac 	1.0
389	@JonathanRKnight Maybe Jordan could help you answer a few? Just an idea.. 	1.0
390	Finally made my map of Panama. &quot;What's a Panama, is that like an animal?&quot; Haha love my friends 	1.0
391	@ManyaS 	1.0
392	@ddlovato I will gladly give you the squirrel in Jenny's house if you join us. A SQUIRREL. It'll kill two birds with one stone! 	1.0
393	Got the vocals done! now time for the best part: the music track or bed! whichever you wanna call it lol 	1.0
394	will be part of my friend's wedding entourage. In Tagalog, abay sa kasal. I'll be carrying the veil. Thanks, Mau. 	1.0
395	@Bern_morley it's the weather, petal. don't sweat it ... oh ...  ... sorry ... 	1.0
396	@dfizzy Hey There ! How are you today? 	1.0
397	Whoops, sorry to anyone trying to email me earlier today. My inbox was full but should now be empty 	1.0
398	@chocolate_dip lol i wasnt complaining just making sure @yoeyfreshier wasnt getting off before me but @tivon cleared that up 	1.0
399	@mademoiselledee That is one freaky movie. I like &quot;I got life&quot; 	1.0
400	Megan is hanging out 	1.0
401	Going to bed and then up early to prep for an interview in Cleveland tomorrow 	1.0
402	A healthy remedy for you AND your dog  http://PetParenthood.blogspot.com #dogs	1.0
403	That was sick. Soma rocks. 	1.0
404	@staceysoleil  yep..lol  I was bored... Edward is hunting with the guys..	1.0
405	@victoriaerin HEYYYYYYYYYYY YOU 	1.0
406	Studying philosophy and math... &lt;----BLAH aka listening to music and on twitter, facebook, and myspace 	1.0
407	@JonathanRKnight There is no way on earth that you can answer everyone  Will you ask Donnie if he got the gift from my 9 yr old lastnight?	1.0
408	on my psp browser for the first time in over a year 	1.0
409	@aparajuli good luck to you 	1.0
410	Is glad the Angels won their first game of the season. 	1.0
411	@misstoriblack I have absolutely no doubt that I will!  here's to your continued success 	1.0
412	Another day in the office... 2 days to go.  http://twitpic.com/2y2y1	1.0
413	@mattimassacre nice  yeah so wish I could afford those things	1.0
414	@loic I want to see that too! But it'll take so long to get 800 friends.. 	1.0
415	Uploading the greatest cartoon from the Newspaper ever - regarding Twitter. 	1.0
416	@levimorales glad you liked! That Henry Ford had a good idea every now and then, didn't he? 	1.0
417	Studying with friends!  that's my update	1.0
418	@piercethevic im glad everythings going good for you guys 	1.0
419	@JonathanRKnight Don't worry about it, we are just happy to have you on here! 	1.0
420	@suplada I'll get those stuff fr the UK/Japan. If I'm desperate enough for headphones from the US, I might do JAC. My tita can be slow. 	1.0
421	@eddieizzard You wouldn't happen to still be in NYC doing gigs on Friday or Saturday next week? 	1.0
422	ty  @GR8FL - soon I upload too  Emmylou Harris ï¿½ I'll Be Your Baby Tonight (GR8FL)  ? http://blip.fm/~3x8zc	1.0
423	cheeck thiss hand cuz im marvelous ;) boy.. idk hoow im gona make it threw this weeeek 	1.0
424	Watching Seven Pounds with my mom. I hope i dont fall asleep. AfterMidnightProject TOMORROW! 	1.0
425	@jennmae awesome.  home from work around 430, and then have to take the puppy out, then to Capones. 	1.0
426	@nerdist  That photo IS Vegas 	1.0
427	@elissakim  yeah!  opening day too!	1.0
428	@iamdiddy I feel you I hate working out too! But our results will be MAJOR! When you look good you feel good! 	1.0
429	@fmsQuatro the A's are my AL team 	1.0
430	had a really good day    off to do some shoppping	1.0
431	@kamy775 ok..I did it...hope it works now 	1.0
432	@amp451 good night  sweet dreamz	1.0
433	@i140 I hope that Scentsational doesn't get dissed 	1.0
434	will invite people to twitter. 	1.0
435	@bluestreak23 @jasonandjodie Coming soon enough my friends - Big project in works for just that - Good new and only good news 	1.0
436	@cookrn woohoo!  yeah that day i was rockin it hard core  	1.0
437	@JonathanRKnight Hey Jon we all love ya and understand,that's all it counts  	1.0
438	@imalcolmjames no internship yet but ive got a place to stay. w/ any luck i'll spend some time in teaneck before heading back to utah 	1.0
439	If I can make it to bed without running into a wall or tripping over my own feet, that is. Heh. 	1.0
440	@mayhemstudios Yes, using it for 3 week now. Pretty happy with the result 	1.0
441	@larryczerwonka Exactly!! 	1.0
442	i wonder how long i can stay up until i pass out and wake up again at 6 	1.0
443	@DonnieWahlberg Great words of wisdom D-Dub!! Now can you tell the doctor to let me have some alcohol &amp; caffeine!! 	1.0
444	@Jonathanrknight so good knight and sleep well.  I know I will now!! 	1.0
445	exhausted! but glad i got to see UNC become national champs!  	1.0
446	Centrelink wasnt as bad as I thought it was going to be !!!! 	1.0
447	@davesjessica wouldn't want you any other way! 	1.0
448	Is hella excited cuz the Italian is here 	1.0
449	Love having access to a research machine with 4 quad core 64 bit opterons, and 60 gigs of ram 	1.0
450	It was quick, but exhausting. 1 day @ a time 	1.0
451	Jasmine and Bohdi are here for the holidays!! 	1.0
452	@pfspleen I'm good! Had some very strange dreams last night but hey dreamin' means i'm sleepin'  How's you this morning?	1.0
453	going outside to jump on my trampoine  WOOOT!	1.0
454	@SophieVeronica today was rad. we made it into the finals for cross country YAY. love you sophie &lt;3 (L) ps everythins cool with my mates 	1.0
455	@HuntersMama1985 LOL, I was thinking the same thing 	1.0
456	@JonathanRKnight Don't feel pressured, none of us EXPECT a reply back, we're just happy to be able to listen to you talk  	1.0
457	@Suai Oh &quot;Shooter&quot; is a good movie!  Only seen it once tho.  Gotta put that back on my &quot;to watch&quot; list! 	1.0
458	@DonnieWahlberg I can tell u have spoken. FB &amp; Twitter are on Fire right now!!  Hope ur feelin better love.  have a great night...	1.0
459	@KourtneyKardash i hate morn workouts bc i love to sleep late  ha have fun in mexico! love the show, is the trip gonna air on keeping up?	1.0
460	i'm feeling somewhat artistic...time to break out the sketching pad, i feel a new dress design coming 	1.0
461	@ma_shinka go on, Mary's listening 	1.0
462	@TheAshBall 	1.0
463	nodame cantabile is &lt;3. I think I'm falling in love with classical music. 	1.0
464	...so i just ordered my copy of Hardcore Underground 3  love me, love me! Canary in skinny jeans going balls deep.	1.0
465	@markegli &amp; @kariegli the dinner menu this week is something pasta-y (we have cheese?) and also chicken noodle soup. 	1.0
466	new jersey, here i come 	1.0
467	on facebook 	1.0
468	@Vonster good point, 2 draw  2 don't  nice quote though. I like that.	1.0
469	@Croconaw goodnight 	1.0
470	@danielkirkley Lead Me To The Cross is one of my favorites!! Great job, D!!! 	1.0
471	just got back from starbucks.. tried the tea with lemonade very good  miss gg already. 1st one!	1.0
472	BOOM BOOM POW-oops 	1.0
473	The Super Red Diva !!!  Stupid University 	1.0
474	This latest episode of NewNowNext is like full of awesome! 	1.0
475	When you just want things to end, remember to have faith because one day, it's all going to be alright 	1.0
476	@ PBnJen : Thanks for the great tour and making me even more excited to work in PR!  You Rock and so does S&amp;B-would love to work there!	1.0
477	@DonnieWahlberg YOU give me joy....and you have for years. You are such an amazing man and we are all lucky to know you. 	1.0
478	@tothepc Did you check out http://www.weboword.com We aren't a dictionary, but we are all about Visual Vocabulary!  Come have fun.	1.0
479	Artistic affirmation from a drunk lady was kinda just what I needed! 	1.0
480	@Honey3223  Honey goodnight I am up really early in the morning busy day will catch up with you later tomorrow 	1.0
481	A je kakï¿½en rip od Trenutek resnice? Link, link, link 	1.0
482	Lamb Chowmein for dinner tonight.... hhhmmm with slightly roasted buttered dinner rolls! YUM YUM YUM... so hungry 	1.0
483	tweeting from my brand new Sony PSP... just because I CAN!!  	1.0
484	@MussoMitchel Hey you should go on tour sometime with your brother! Metro Station is freakin awesome! 	1.0
485	well tweeps, im off, i gotta have a shower then go get a haircut. good bye everyone 	1.0
486	@juliaroy I've just seen your Flickr and I've fallen in love!!! Just Wonderful!!! Awesome... !!! 	1.0
487	@danielc Sorry it wasn't Wrath of Khan.  But we made do. 	1.0
488	juggernaut, dr. doom, magneto, &amp; xavier!  ahahah today was a good day n__n	1.0
489	@ricardooooo we'll have a geek off next time you are in Tahoe!! But you need to get miss vicky jay reciting star wars by then 	1.0
490	 aww dont make me blush!	1.0
491	trying to figure this thing out 	1.0
492	watching &quot;The Princess Bride&quot; I want a Wesley!!! 	1.0
493	@lisaholmes you can buy my fiances duplex in Terwillegar 	1.0
494	@apleaforaaron i could really eat some cheese  i have a hankering for some austrian smoked cheese. YUM!	1.0
495	@ddlovato I am so FUCKING jealous of you girl. Have fun though  xxx	1.0
496	@ThaStevieG my bunnys name was Lucy  you can go ahead and guess who she was named after lmao	1.0
497	@pixelpipe any updates for iPhone OS 3.0 yet? I miss you guys 	1.0
498	Denise, I love you. 	1.0
